{
    "IDBVisitaBC": {},
    "IDBPreferenzeDiRicerca": {},
    "IDBTurista": {
        "UC47": 0.888671875,
        "UC15": 0.86328125
    },
    "DBPreferenzeDiRicerca": {},
    "DBTurista": {
        "UC47": 0.9052734375,
        "UC15": 0.884765625,
        "UC54": 0.869140625
    },
    "GestioneTuristaClient": {
        "UC47": 0.89111328125,
        "UC15": 0.869140625
    },
    "IDBVisitaPR": {
        "UC54": 0.86669921875
    },
    "TuristiTableModel": {},
    "Turisti": {
        "UC15": 0.912109375,
        "UC47": 0.87109375
    },
    "BeanTurista": {
        "UC47": 0.884765625,
        "UC15": 0.8798828125
    },
    "BeanVisitaPR": {},
    "DBVisitaPR": {
        "UC54": 0.8720703125
    },
    "IGestioneTuristiAgenzia": {},
    "BeanOperatoreAgenzia": {},
    "IGestioneBeniCulturaliAgenzia": {},
    "GestioneTuristaComune": {
        "UC47": 0.90478515625,
        "UC15": 0.89697265625
    },
    "IGestioneTagOperatoreAgenzia": {},
    "GestioneAdvertisementAgenzia": {},
    "IDBConvenzione": {},
    "DBNews": {},
    "PuntiDiRistoro": {
        "UC43": 0.89697265625
    },
    "IGestionePuntiDiRistoroAgenzia": {
        "UC43": 0.93408203125
    },
    "IDBOperatorePuntoDiRistoro": {
        "UC43": 0.9423828125
    },
    "IGestioneAdvertisementAgenzia": {},
    "IGestioneAdvertisement": {
        "UC39": 0.88525390625
    },
    "BeanBanner": {},
    "DBBanner": {
        "UC39": 0.90869140625,
        "UC17": 0.88623046875
    },
    "Banner": {
        "UC39": 0.8994140625
    },
    "IDBBanner": {
        "UC39": 0.9150390625,
        "UC17": 0.87939453125
    }
}