{
    "FlightPlan": {
        "DD-550": 0.8408203125,
        "DD-552": 0.8193359375,
        "DD-548": 0.8125,
        "DD-542": 0.81103515625,
        "DD-647": 0.806640625,
        "DD-578": 0.80615234375,
        "DD-536": 0.79541015625,
        "DD-638": 0.79052734375
    },
    "IFlightPlan": {
        "DD-548": 0.82763671875,
        "DD-542": 0.81640625,
        "DD-27": 0.7890625
    },
    "ManagedDrone": {
        "DD-552": 0.79345703125,
        "DD-550": 0.79052734375,
        "DD-544": 0.7880859375
    },
    "SimpleTakeoffFlightPlan": {
        "DD-578": 0.80859375,
        "DD-735": 0.8046875,
        "DD-548": 0.80224609375,
        "DD-550": 0.78955078125
    },
    "FlightZoneManager2": {
        "DD-27": 0.892578125,
        "DD-552": 0.84814453125,
        "DD-578": 0.84375,
        "DD-85": 0.83203125,
        "DD-536": 0.82421875,
        "DD-550": 0.81591796875,
        "DD-647": 0.810546875,
        "DD-654": 0.8095703125,
        "DD-554": 0.80224609375
    },
    "CoordinatedLandingPattern": {
        "DD-544": 0.8515625,
        "DD-543": 0.82080078125
    },
    "LandingStrategy": {
        "DD-544": 0.78564453125
    },
    "DroneSetupService": {},
    "FlightSimulator": {},
    "PhysicalDrone": {
        "DD-735": 0.86279296875
    },
    "StatusDispatchThread": {},
    "CommandIds": {},
    "IDroneSetupServiceInstance": {},
    "AFMapViewOperations": {},
    "SynchronizationManager": {
        "DD-537": 0.8427734375,
        "DD-543": 0.82666015625,
        "DD-544": 0.82568359375
    },
    "AFInfoPanel": {},
    "FlightInfoCreator": {
        "DD-654": 0.826171875,
        "DD-27": 0.79052734375
    },
    "NVECSimulator": {},
    "FlightManagerServiceRemoteFacade": {
        "DD-660": 0.84912109375,
        "DD-550": 0.82568359375,
        "DD-553": 0.8154296875,
        "DD-85": 0.8076171875,
        "DD-647": 0.8037109375,
        "DD-552": 0.798828125,
        "DD-27": 0.79541015625,
        "DD-654": 0.787109375
    },
    "VirtualDrone": {},
    "IFlightManagerRemoteService": {
        "DD-550": 0.87744140625,
        "DD-647": 0.86669921875,
        "DD-548": 0.8642578125,
        "DD-552": 0.8544921875,
        "DD-660": 0.84033203125,
        "DD-27": 0.82763671875,
        "DD-553": 0.82275390625,
        "DD-658": 0.81689453125,
        "DD-85": 0.8076171875,
        "DD-536": 0.796875
    },
    "IFlightManagerServiceInstance": {
        "DD-660": 0.87841796875,
        "DD-548": 0.83203125,
        "DD-553": 0.828125,
        "DD-85": 0.822265625,
        "DD-658": 0.81689453125,
        "DD-27": 0.81689453125,
        "DD-542": 0.802734375,
        "DD-654": 0.7998046875,
        "DD-638": 0.78564453125
    },
    "TakeoffTask": {
        "DD-735": 0.802734375,
        "DD-542": 0.78662109375
    },
    "FullMissionPlan": {
        "DD-537": 0.8623046875,
        "DD-536": 0.83447265625,
        "DD-550": 0.83203125,
        "DD-542": 0.82177734375,
        "DD-647": 0.80029296875,
        "DD-543": 0.798828125,
        "DD-552": 0.794921875,
        "DD-27": 0.79150390625
    },
    "FlightInfo": {
        "DD-27": 0.87890625,
        "DD-85": 0.86083984375,
        "DD-654": 0.818359375,
        "DD-553": 0.8154296875,
        "DD-660": 0.79150390625
    },
    "IFlightDirector": {
        "DD-554": 0.81005859375,
        "DD-542": 0.79736328125
    },
    "AFMapComponent": {},
    "DroneSetupServiceInstance": {
        "DD-658": 0.84716796875,
        "DD-660": 0.814453125,
        "DD-553": 0.80859375,
        "DD-27": 0.79248046875
    },
    "FlightManagerService": {
        "DD-735": 0.87890625,
        "DD-647": 0.87548828125,
        "DD-658": 0.86083984375,
        "DD-550": 0.849609375,
        "DD-553": 0.83447265625,
        "DD-638": 0.82861328125,
        "DD-85": 0.8271484375,
        "DD-552": 0.81396484375,
        "DD-542": 0.80712890625,
        "DD-27": 0.80517578125,
        "DD-660": 0.7978515625,
        "DD-536": 0.7978515625,
        "DD-657": 0.7890625
    },
    "FlightPlanInfo": {
        "DD-548": 0.85546875,
        "DD-550": 0.81689453125,
        "DD-542": 0.81640625,
        "DD-647": 0.80029296875,
        "DD-552": 0.79833984375
    },
    "LandTask": {
        "DD-544": 0.78759765625
    },
    "AFAssignRouteComponent": {
        "DD-647": 0.8828125,
        "DD-648": 0.86376953125,
        "DD-657": 0.8369140625
    },
    "DronologyActionExecutor": {
        "DD-647": 0.8828125,
        "DD-648": 0.822265625,
        "DD-657": 0.818359375,
        "DD-658": 0.79833984375,
        "DD-550": 0.794921875,
        "DD-552": 0.78564453125
    },
    "AFInfoBox": {
        "DD-647": 0.888671875,
        "DD-648": 0.84326171875,
        "DD-550": 0.7919921875,
        "DD-638": 0.79052734375
    }
}